"X","SLA","Th","LDMC","WD","SM","Genus","Hmax","logSLA","logSM"
"Acacia auriculiformis",11.5878596389039,0.269104166833333,365.170933090559,0.603,17.5327083333333,"Acacia",1500,2.44995796720895,2.86406818405238
"Acacia mangium",10.32667698,0.278444444,353.3723884,0.44772,19,"Acacia",3500,2.33473054502896,2.94443897916644
"Acalypha siamensis",17.91914627,0.243666667,306.2281239,0.564801663,33.33333333,"Acalypha",250,2.88586976522887,3.50655789721998
"Adenanthera pavonina",25.3842434,0.152625,311.1443521,0.7,283.2,"Adenanthera",3000,3.23412864295223,5.64615336181956
"Adinandra dumosa",9.06433865775158,0.315222222166667,394.643287993519,0.565,1.1,"Adinandra",2000,2.20434788597472,0.0953101798043249
"Agrostistachys borneensis",10.2592078408617,0.261777777777778,408.415856624442,0.7025,39.26666675,"Agrostistachys",900,2.32817562826888,3.67037598467162
"Aidia densiflora",10.6429342,NA,NA,0.68,NA,"Aidia",1800,2.36489621657245,NA
"Alstonia angustifolia",13.756716864656,0.21925,337.861284151886,0.661666666666666,1.503125,"Alstonia",5000,2.62152720408337,0.407546274311989
"Alstonia angustiloba",21.8182023805555,0.248111111055555,274.892260422222,0.374166666666667,2.225,"Alstonia",4500,3.08274459298531,0.799756915618204
"Andira inermis",15.49233317,0.206916667,358.3855825,0.63,792,"Andira",3657.6,2.74034526735981,6.67456139181443
"Anisophyllea disticha",23.5567891034577,0.182111111111111,329.721423859055,0.695,247.8,"Anisophyllea",700,3.15941406356428,5.51262196919504
"Antidesma bunius",8.992953529,0.453333333,275.3019347,0.51,20.43,"Antidesma",1500,2.19644132945544,3.01700440882953
"Antidesma cuspidatum",15.2722059927656,0.192666666666667,343.784029108229,0.8,17,"Antidesma",1700,2.72603457459634,2.83321334405622
"Antidesma velutinosum",20.16183075,0.193111111,415.1795661,0.487855071,21.6,"Antidesma",1500,3.003791250092,3.07269331469012
"Aphanamixis polystachya",14.48583654,0.235888889,312.5872539,0.535542,169,"Aphanamixis",3500,2.67317138171113,5.12989871492307
"Aporosa benthamiana",12.5923883877778,0.260777777888889,347.743531788889,0.477116144921928,45.4220237916667,"Aporosa",1200,2.53309253520969,3.81599709296497
"Aporosa frutescens",17.299401242579,0.188,286.407031300011,0.505161013808065,42.63571425,"Aporosa",2700,2.85067189064923,3.75269226472168
"Aporosa lucida",12.5787262453335,0.275333333166667,324.409625200086,0.348150352568242,27.6666666666667,"Aporosa",1800,2.5320069937877,3.32022831912849
"Aporosa lunata",11.4908984405204,0.373833333333333,358.373293351895,0.62,56.75,"Aporosa",2700,2.44155528206051,4.03865565636151
"Aporosa nervosa",14.2963882693792,0.255454545227273,353.690684466955,0.546050117568242,65,"Aporosa",3000,2.66000693679016,4.17438726989564
"Aporosa symplocoides",NA,NA,NA,0.64,47.4948809416667,"Aporosa",1200,NA,3.86062193558391
"Aquilaria malaccensis",16.2214549694287,0.220092307692308,397.062306698408,0.32,22.5333333333333,"Aquilaria",4000,2.78633474684853,3.11499569438081
"Archidendron clypearia",15.6854495727904,0.184607142928571,384.100740890039,0.331666666666666,66,"Archidendron",1500,2.7527335038261,4.18965474202643
"Archidendron jiringa",NA,NA,NA,0.316848,11673.66667,"Archidendron",2400,NA,9.36509087216095
"Archidendron microcarpum",14.4121697002521,0.1355,461.021774448325,0.623827332969465,160,"Archidendron",1800,2.66807296774381,5.07517381523383
"Ardisia elliptica",7.894127748,0.404333333,328.9759969,0.348045547,37,"Ardisia",750,2.06611916003345,3.61091791264422
"Ardisia sanguinolenta",NA,NA,NA,0.454588017467147,23,"Ardisia",800,NA,3.13549421592915
"Ardisia teysmanniana",14.3481124130715,0.264833333333333,356.789729669169,0.561130487934295,30,"Ardisia",1800,2.66361839439482,3.40119738166216
"Arthrophyllum diversifolium",14.0450389637663,0.259742424333333,308.030422928369,0.3625,42.125,"Arthrophyllum",1400,2.64226923476142,3.74064138867253
"Artocarpus elasticus",8.26284710201464,0.442333333166667,309.814060982694,0.35,150,"Artocarpus",4500,2.11176921361642,5.01063529409626
"Artocarpus heterophyllus",9.401284397,0.324666667,372.9492929,0.55104,10062,"Artocarpus",1800,2.24084631792056,9.21652123105126
"Artocarpus integer",11.7426267186852,0.337222222111111,348.585659401626,0.55104,175,"Artocarpus",2400,2.46322553031791,5.16478597392351
"Artocarpus kemando",8.49242836172498,0.2926,429.256777369392,0.4475,175,"Artocarpus",4000,2.1391749855416,5.16478597392351
"Averrhoa carambola",28.1554664,0.167444444,316.2981799,0.57,58.22222222,"Averrhoa",900,3.33774152401068,4.06426710694666
"Azadirachta indica",17.72836068,0.201555556,326.2730014,0.62,222.97,"Azadirachta",3000,2.87516565557452,5.40703723326228
"Baccaurea bracteata",14.701734910673,0.304888888888889,246.100493423757,0.635,20.888889,"Baccaurea",1500,2.68796550795496,3.03921739081288
"Baccaurea macrocarpa",10.8137277795236,0.295666666666667,350.97009695826,0.54,102.72222225,"Baccaurea",2700,2.38081641767493,4.63202847376138
"Baccaurea motleyana",13.1484990402778,0.286888888944445,322.927900211111,0.51,260,"Baccaurea",2400,2.5763076106854,5.56068163101553
"Baccaurea parviflora",10.9468765597186,0.361111111055555,252.03827154229,0.72,38,"Baccaurea",1510,2.39305416988442,3.63758615972639
"Baccaurea polyneura",9.15603671054292,0.353333333166666,351.663505062434,0.56,92,"Baccaurea",2400,2.21441341153433,4.52178857704904
"Baccaurea sumatrana",NA,NA,NA,0.65,102.72222225,"Baccaurea",3000,NA,4.63202847376138
"Baphia nitida",19.40878289,0.178666667,354.8185589,0.5678295,NA,"Baphia",900,2.96572568990832,NA
"Beilschmiedia madang",8.30933892161233,0.308333333166667,394.217663478994,0.455,NA,"Beilschmiedia",2400,2.11738005355037,NA
"Bhesa paniculata",9.39364937258561,0.30525,381.472720183334,0.6225,72.9833333333333,"Bhesa",3600,2.24003386229524,4.2902311045793
"Bhesa robusta",17.787970312577,0.165111111111111,368.421843684928,0.576068318438175,68.9666666666667,"Bhesa",1800,2.87852240368916,4.23362329608339
"Bouea oppositifolia",NA,NA,NA,0.67,NA,"Bouea",3300,NA,NA
"Breynia coronata",NA,NA,NA,NA,1.1,"Breynia",600,NA,0.0953101798043249
"Breynia vitis-idaea",NA,NA,NA,NA,1.1,"Breynia",500,NA,0.0953101798043249
"Bridelia stipularis",18.93107915,0.235555556,369.8753109,0.393594878,20.8,"Bridelia",600,2.94080497099204,3.03495298670727
"Bridelia tomentosa",20.80104344,0.162222222,412.12626,0.72,20.8,"Bridelia",1800,3.03500315083365,3.03495298670727
"Brucea javanica",NA,NA,NA,NA,NA,"Brucea",1000,NA,NA
"Buchanania sessifolia",14.6248043717582,0.235333333166666,269.334913868683,0.474308315031791,NA,"Buchanania",2000,2.68271901673842,NA
"Callicarpa longifolia",NA,NA,NA,NA,0.41,"Callicarpa",600,NA,-0.891598119283784
"Calophyllum ferrugineum",9.9183276916773,0.2455,421.294022083205,0.52152871437711,117.75,"Calophyllum",2500,2.29438432761765,4.76856373289653
"Calophyllum inophyllum",8.108868628,0.320083333,383.2047398,0.53382,2811.2,"Calophyllum",3000,2.0929583550666,7.94136671743283
"Calophyllum lanigerum var. austrocoriaceum",8.4067166116268,0.2875,408.835100998281,0.626666666666667,117.75,"Calophyllum",2100,2.12903098296443,4.76856373289653
"Calophyllum macrocarpum",NA,NA,NA,0.65,390.12,"Calophyllum",4500,NA,5.96645438410381
"Calophyllum pulcherrimum",12.4721323051254,0.1888,472.851353045403,0.623333333333334,163.5,"Calophyllum",3000,2.52349673987155,5.09681299033731
"Calophyllum rubiginosum",14.838430998668,0.209736111,425.715341943334,0.531870571774155,117.75,"Calophyllum",3900,2.69722050429709,4.76856373289653
"Calophyllum rufigemmatum",7.9869951323798,0.242333333333333,471.413075035948,0.626666666666667,117.75,"Calophyllum",4800,2.0778146104922,4.76856373289653
"Calophyllum soulattri",7.848015453,0.342888889,404.2508384,0.43,148,"Calophyllum",3000,2.06026069129782,4.99721227376411
"Calophyllum tetrapterum",13.1819455830653,0.228,421.546396317032,0.71,72,"Calophyllum",1200,2.57884813449769,4.27666611901606
"Calophyllum teysmannii",7.2802411539435,0.352928571214286,457.240927633492,0.54,117.75,"Calophyllum",4000,1.98516398720165,4.76856373289653
"Calophyllum wallichianum var. incrassatum",9.05854104244104,0.3018,386.596139244005,0.528237395828625,117.75,"Calophyllum",4000,2.20370807424456,4.76856373289653
"Campnosperma auriculatum",7.18776168771423,0.3145555555,418.129685932885,0.37,37.2,"Campnosperma",3600,1.97237981418615,3.6163087612791
"Campnosperma squamatum",9.1487694008374,0.243642857071428,373.743908354337,0.39,137.375,"Campnosperma",3000,2.21361937853085,4.92271441272379
"Canarium littorale",15.6545622549839,0.21,387.520326786897,0.495,8300,"Canarium",4000,2.75076239239342,9.02401079378469
"Canarium pilosum",23.8261092820573,0.2508,450.509473034073,0.38855009920844,8300,"Canarium",2800,3.17078200803908,9.02401079378469
"Carallia brachiata",14.9802884171812,0.267157738166667,316.025071203528,0.662915916678572,23.32,"Carallia",3500,2.70673523138712,3.14931136148229
"Carmona retusa",20.93579611,0.261111111,261.5603056,0.469388833,NA,"Carmona",1000,3.04146042645287,NA
"Castanopsis wallichii",12.7358795546646,0.229416666666667,475.118589796277,0.547330779090041,1400,"Castanopsis",1500,2.54442317198009,7.24422751560335
"Cecropia pachystachya",17.6366709194444,0.278333333444445,265.089068683333,0.41,0.85,"Cecropia",1200,2.86998030938064,-0.162518929497775
"Champereia manillana",15.19248207,0.211666666833334,296.769399683334,0.69,NA,"Champereia",1000,2.72080070483908,NA
"Chassalia chartacea",NA,NA,NA,NA,NA,"Chassalia",300,NA,NA
"Cinnamomum iners",10.7351365942262,0.263358333166666,399.234313497327,0.53176,262,"Cinnamomum",2400,2.37352215544413,5.5683445037611
"Claoxylon indicum",28.71804673,0.199583333,224.9520864,0.36,NA,"Claoxylon",400,3.35752573107331,NA
"Clausena excavata",17.8630566694444,0.187777777888889,350.714178788889,0.408406363651378,72.5,"Clausena",1500,2.88273470691004,4.28358656186063
"Clerodendrum laevifolium",24.7408644957357,0.1510308825,290.447744386133,0.357347207027139,340,"Clerodendrum",900,3.20845630959295,5.82894561761021
"Clerodendrum paniculatum",28.51695398,0.176333333,217.3163239,0.217975343,183,"Clerodendrum",300,3.35049878689695,5.20948615284142
"Clerodendrum villosum",27.6723316672826,0.2085833335,328.021761263345,0.396493787723334,26,"Clerodendrum",200,3.32043305722662,3.25809653802148
"Clidemia hirta",23.5807452785394,0.258441336350428,340.275180411265,0.382829005934964,0.03,"Clidemia",300,3.16043050099395,-3.50655789731998
"Codiaeum variegatum",17.00092178,0.252222222,257.2619139,0.49,29,"Codiaeum",600,2.83326756493918,3.36729582998647
"Cratoxylum arborescens",13.3360416126933,0.286444444444444,291.805844265766,0.38,0.67,"Cratoxylum",6000,2.59047026577156,-0.400477566597125
"Cratoxylum cochinchinense",17.486919774127,0.157,432.910451889436,0.686666666666667,0.67,"Cratoxylum",3300,2.86145315997736,-0.400477566597125
"Cratoxylum formosum",16.2424178893187,0.1878660715,440.416714982081,0.751,0.5760580715,"Cratoxylum",4500,2.78762620846155,-0.551546804791708
"Cratoxylum maingayi",14.02770373,0.212111111,421.1185149,0.492527873,0.638686023833333,"Cratoxylum",3100,2.64103421215185,-0.448342300862665
"Croton caudatus",NA,NA,NA,0.43,27.1,"Croton",500,NA,3.29953372788566
"Croton oblongus",13.0518089021351,0.244333333333333,325.739437208224,0.43,27.1,"Croton",1900,2.56892673735321,3.29953372788566
"Cyathocalyx ramuliflorus",13.52201027,0.230333333,418.7991803,0.34,110,"Cyathocalyx",1500,2.60431874817123,4.70048036579242
"Cyathocalyx ridleyi",NA,NA,NA,0.34,110,"Cyathocalyx",2500,NA,4.70048036579242
"Dacryodes puberula",10.6135917863793,0.247666666666667,426.55162798043,0.60671804599745,NA,"Dacryodes",2100,2.36213542374329,NA
"Dacryodes rostrata",11.7649500368141,0.253714285714286,491.171527399352,0.534110941162789,NA,"Dacryodes",4500,2.46512477540568,NA
"Dehaasia incrassata",NA,NA,NA,0.5,NA,"Dehaasia",2400,NA,NA
"Dendrolobium umbellatum",NA,NA,NA,NA,625,"Dendrolobium",600,NA,6.4377516497364
"Dialium platysepalum",18.9768053389936,NA,386.275901027425,0.793125,394.55,"Dialium",4500,2.94321746178585,5.97774587496704
"Dillenia grandifolia",10.9444419305181,0.365333333333333,263.783999361593,0.645,13,"Dillenia",3600,2.39283174114294,2.56494935746154
"Dillenia suffruticosa",13.6710949329245,0.293090909045455,253.008764546284,0.45,8.75,"Dillenia",600,2.6152837450355,2.16905370036952
"Dimocarpus longan",13.24423722,0.203,444.9162353,0.7,358.3,"Dimocarpus",4000,2.58356253103169,5.88137062431091
"Diospyros lanceifolia",10.9259183826968,0.200388888888889,443.988416969042,0.61,NA,"Diospyros",2700,2.39113779993801,NA
"Diplospora malaccensis",10.08008277,0.2256,513.4051778,0.7,NA,"Diplospora",1800,2.31056147391903,NA
"Drepananthus ramuliflorus",11.4830143824735,0.359222222222222,346.745334839121,0.34,110,"Drepananthus",1500,2.44086893329466,4.70048036579242
"Durio zibethinus",13.23088843,0.2335,353.6122233,0.48216,14783,"Durio",3000,2.58255412855552,9.60123315090109
"Dyera costulata",11.1159004987011,0.228083333333333,394.810251955375,0.3375,65.571429,"Dyera",8000,2.40837656066181,4.18314006754118
"Dysoxylum cauliflorum",10.9666536382812,0.232333333166666,413.593598410133,0.71463,567.5,"Dysoxylum",3000,2.39485918110383,6.34124074935556
"Elaeocarpus ferrugineus",9.01615201788101,0.302027778,491.090369512366,0.5166,1169.53333333333,"Elaeocarpus",2800,2.19901763749606,7.06436008782697
"Elaeocarpus mastersii",10.7595671761266,0.2004,446.966084803865,0.55,123.775,"Elaeocarpus",2000,2.37579532865754,4.81846540124749
"Elaeocarpus petiolatus",10.3929052710432,0.258583333166666,408.042641233474,0.4475,129.9,"Elaeocarpus",2100,2.34112338787632,4.86676492367655
"Elaeocarpus salicifolius",14.0503637689641,0.180823529411765,410.270615583219,0.45568101473559,1169.53333333333,"Elaeocarpus",1000,2.64264828647406,7.06436008782697
"Elaeocarpus stipularis",12.7799361989263,0.237833333166666,406.061803864794,0.4525,3240,"Elaeocarpus",3000,2.54787645667764,8.08332860878638
"Eurya acuminata",15.439436,0.181083333,471.5272377,0.5,NA,"Eurya",1500,2.73692501543204,NA
"Eurycoma longifolia",14.5960957064068,0.301791666666666,366.962394844767,0.5125,148.786667,"Eurycoma",1000,2.6807540755825,5.00251351488973
"Fagraea fragrans",11.5831844117992,0.264350000166666,348.967348351746,0.6950175,0.146245,"Fagraea",3000,2.44955442672472,-1.92247198148878
"Falcataria moluccana",15.05494428,0.224,466.9869339,0.284,22.57,"Falcataria",4500,2.71170646083087,3.11662159082944
"Ficus aurata",16.3846835291451,0.291111111055555,350.024383211111,0.502205722129713,3.235,"Ficus",1000,2.79634696729504,1.17402892795286
"Ficus chartacea",38.8155847728909,0.157666666833334,163.979284728168,0.346666666666667,0.2,"Ficus",1200,3.65882183538607,-1.6094379124341
"Ficus fistulosa",12.2640384341667,0.270666666833334,338.708752316667,0.38,0.3,"Ficus",1800,2.50667127546599,-1.20397280432594
"Ficus grossularioides",15.8017793475443,0.289083333333333,282.315227200731,0.36,0.29,"Ficus",1300,2.76012255062529,-1.23787435600162
"Ficus variegata",21.47364252,0.2145,325.9488933,0.31,0.34,"Ficus",4000,3.06682625376525,-1.07880966137193
"Ficus vasculosa",19.6819607983333,0.192333333166667,344.931550683334,0.3,0.2875,"Ficus",4500,2.97970252072262,-1.24653241874473
"Gaertnera obesa",15.4612897517352,0.284333333333333,162.287030706518,0.442208036649448,NA,"Gaertnera",400,2.73833946475949,NA
"Garcinia forbesii",17.14418563,0.251,239.3097867,0.374554735,299.15,"Garcinia",1800,2.84165908580748,5.70094511983604
"Garcinia griffithii",9.9229407409568,0.329142857071429,253.739539520252,0.453940212071877,170.25,"Garcinia",2300,2.29484932302642,5.13726794502962
"Garcinia mangostana",5.87698266,0.523181818,432.0817017,0.81,784,"Garcinia",2500,1.77104347714122,6.66440902035041
"Garcinia nigrolineata",14.612253388031,0.245125,245.138351747011,0.693333333333333,180.5,"Garcinia",NA,2.68186044987432,5.19573077777294
"Garcinia parvifolia",14.0056000018246,0.250833333166667,265.163065101049,0.54,180.5,"Garcinia",3300,2.63945724976686,5.19573077777294
"Garcinia rostrata",NA,NA,NA,0.585304713400868,299.15,"Garcinia",NA,NA,5.70094511983604
"Garcinia scortechinii",11.3853340354225,0.279777777777778,364.932822743449,0.64,180.5,"Garcinia",2400,2.43232603904335,5.19573077777294
"Gironniera nervosa",13.0108674921363,0.315212121106061,385.722901174398,0.45,27.8,"Gironniera",4000,2.56578496917437,3.32503602069659
"Gironniera parvifolia",NA,NA,NA,0.4575575,15,"Gironniera",2000,NA,2.70805020110221
"Gironniera subaequalis",12.7339082000984,0.357666666833333,281.705113551651,0.465115,28.25,"Gironniera",4000,2.54426837252993,3.34109345759245
"Glochidion borneense",9.80964467,NA,NA,0.51,2.181818,"Glochidion",1500,2.28336605171841,0.780158474216238
"Glochidion lutescens",10.9630056911938,0.296333333166666,415.697551586258,0.61,2.181818,"Glochidion",750,2.39452648581967,0.780158474216238
"Glochidion zeylanicum",NA,NA,NA,0.607005,2.181818,"Glochidion",500,NA,0.780158474216238
"Glycosmis chlorosperma",15.8604764747775,0.244666666666667,330.29290326532,0.62932881107088,NA,"Glycosmis",1200,2.7638302583013,NA
"Gnetum gnemon",14.8116571050374,0.2272,348.811794197986,0.61,1138.975,"Gnetum",1800,2.69541451297497,7.03788401412816
"Gonystylus confusus",7.33241414980492,0.2965,440.816521688085,0.56,NA,"Gonystylus",3000,1.99230481362567,NA
"Gordonia multinervis",8.72353091286299,0.333333333333333,353.03341010911,0.441628960953868,NA,"Gordonia",3000,2.16602407716231,NA
"Guioa pubescens",9.57831256329005,0.2385,429.146903052615,0.51596821109522,33.75,"Guioa",2500,2.25950143484902,3.51898041731854
"Gymnacranthera farquhariana",NA,NA,NA,0.55,700,"Gymnacranthera",4500,NA,6.5510803350434
"Gymnacranthera forbesii",NA,NA,NA,0.56,2718.666667,"Gymnacranthera",3500,NA,7.90789684314885
"Gynotroches axillaris",11.9952087452149,0.346228571214286,272.938144100732,0.525,0.3125,"Gynotroches",3600,2.48450729882593,-1.16315080980568
"Helicia excelsa",17.2268266149011,0.196,287.631242331682,0.56,NA,"Helicia",2000,2.84646785568386,NA
"Heritiera elata",11.9381158571277,0.245666666666667,477.766665037152,0.695,NA,"Heritiera",4000,2.479736294602,NA
"Heritiera javanica",10.739647589501,0.184,426.810771881269,0.62,NA,"Heritiera",4500,2.37394227564674,NA
"Hevea brasiliensis",16.6554482053846,0.155666666833334,389.461451683334,0.520815019837619,2796.295,"Hevea",4000,2.81273738244443,7.93605060565652
"Hopea ferruginea",18.3535664862786,0.131,492.888945176179,0.58,70.6444443333333,"Hopea",4000,2.90982391454059,4.25765946956766
"Hopea mengarawan",NA,NA,NA,0.55,160,"Hopea",4500,NA,5.07517381523383
"Horsfieldia irya",7.966519414,0.282555556,421.075478,0.38745,100,"Horsfieldia",4000,2.07524768650021,4.60517018598809
"Horsfieldia polyspherula",14.5498888818248,0.282777777888889,287.35210493442,0.525,959.5,"Horsfieldia",4000,2.67758335660035,6.86641231544775
"Horsfieldia punctatifolia",16.5231217631327,0.231,193.31141714725,0.525,1600,"Horsfieldia",3000,2.80476071895313,7.37775890822787
"Horsfieldia sucosa",11.4184931294427,0.390666666666667,222.924916040571,0.55,2845,"Horsfieldia",2400,2.43523424538531,7.95331834656043
"Horsfieldia wallichii",6.44501335727496,0.316333333333333,452.190101393821,0.5,3692,"Horsfieldia",3480,1.86330670889094,8.21392359562274
"Ilex cymosa",8.69523583034133,0.26655,421.177368752175,0.494375,1,"Ilex",3000,2.16277526996188,0
"Indigofera hirsuta",NA,NA,NA,NA,2.3,"Indigofera",152.4,NA,0.832909122935104
"Ixonanthes icosandra",12.1262866906107,0.217833333333333,410.435106091567,0.69635,3,"Ixonanthes",3600,2.4953755500066,1.09861228866811
"Ixonanthes reticulata",13.8999550977362,0.216083333166667,281.269314310387,0.614525,3,"Ixonanthes",3500,2.63188560975273,1.09861228866811
"Ixora congesta",7.360720467,0.282333333166667,462.561991,0.66745199460588,64,"Ixora",600,1.99615781748796,4.15888308335967
"Knema communis",11.1833779595518,0.173166666666667,419.909049622407,0.542787807961302,1790,"Knema",2000,2.41442856516354,7.4899708988348
"Knema curtisii",14.2595736252994,0.170333333333333,391.302184577347,0.502056162809075,3297.5,"Knema",3500,2.65742851449,8.10091988459147
"Knema intermedia",14.2148483374904,0.157,418.330301108025,0.55,1092.5,"Knema",3000,2.65428707585789,6.99622392696975
"Knema laurina",13.7290162101715,0.192666666666667,362.862715386318,0.47,1100,"Knema",3000,2.61951156463962,7.00306545878646
"Koilodepas longifolium",12.1768090055078,0.213285714285714,520.906015254504,0.715893990895804,45,"Koilodepas",1200,2.49953324154581,3.80666248977032
"Kokoona reflexa",NA,NA,NA,0.79,460,"Kokoona",5400,NA,6.13122648948314
"Koompassia malaccensis",11.4221987842269,0.17425,452.108901805206,0.76,489.627777833333,"Koompassia",6000,2.43555872371817,6.1936454653594
"Lantana camara",23.73301039,0.214111111,268.865743,0.354843536,21.8,"Lantana",400,3.16686692249432,3.08190996979504
"Leea indica",11.55525642,0.223333333,400.9123569,0.46,36.265,"Leea",1000,2.44714043473932,3.59085308881538
"Leucaena leucocephala",16.13593015,0.172166667,424.5238893,0.7,53,"Leucaena",1005.84,2.7810484718126,3.97029191355212
"Licania splendens",11.15668666,0.272166667,409.7368063,0.82,NA,"Licania",2500,2.4120390186061,NA
"Lindera lucida",12.8493670724327,0.266666666833334,299.36693350734,0.392703361397246,NA,"Lindera",1500,2.55329455506456,NA
"Lithocarpus conocarpus",7.02431297699147,0.410333333333333,526.76135693829,0.75,2050,"Lithocarpus",4500,1.94937741356784,7.62559507213245
"Lithocarpus ewyckii",11.6281595928489,0.279333333333333,292.694460457455,0.60500800621972,1100,"Lithocarpus",5000,2.45342970747765,7.00306545878646
"Litsea accedens",16.3750258309658,0.221111111055556,343.798441308194,0.265592160483951,290,"Litsea",1000,2.79575735898363,5.66988092298052
"Litsea castanea",10.6417862171741,0.238833333166666,407.723666443782,0.41,620,"Litsea",3300,2.3647883473776,6.42971947803914
"Litsea elliptica",14.3184990695508,0.214230769115384,373.778740467547,0.43,620,"Litsea",4500,2.66155234246032,6.42971947803914
"Litsea firma",11.3590607060882,0.2915,400.503995345763,0.40875,620,"Litsea",4200,2.43001572555124,6.42971947803914
"Litsea grandis",10.6351094794368,0.294333333333333,411.668008508279,0.433333333333333,950,"Litsea",3000,2.36416074285749,6.85646198459459
"Litsea lancifolia",17.7710382235824,0.199333333333333,392.748569628927,0.158042402738913,620,"Litsea",1200,2.87757006609758,6.42971947803914
"Lophopetalum wightianum",NA,NA,NA,0.37,178,"Lophopetalum",4900,NA,5.18178355029209
"Macaranga bancana",20.2819723456485,0.200571428785714,384.218718181312,0.4,11.3,"Macaranga",2300,3.00973242969654,2.42480272571829
"Macaranga conifera",13.9689726295762,0.1936,384.278855306603,0.33,8.25,"Macaranga",2400,2.63683862937462,2.11021320034659
"Macaranga gigantea",16.8760643949316,0.241625,395.891687963559,0.2925,13,"Macaranga",1500,2.82589631002464,2.56494935746154
"Macaranga griffithiana",10.21567659,0.2371,435.4326073,0.313028186,13.378125,"Macaranga",2000,2.32392346102475,2.59362091035117
"Macaranga heynei",15.3202577535155,0.206224999833334,372.984018294808,0.304359583933281,3.2,"Macaranga",1000,2.72917598881292,1.16315080980568
"Macaranga hypoleuca",17.2651082605556,0.202666666833334,482.352206211111,0.271666666666667,29.21875,"Macaranga",3000,2.8486876013439,3.37481062648896
"Macaranga recurvata",21.44061597,0.156166667,366.8706097,0.334507776657135,13.378125,"Macaranga",3000,3.06528706573393,2.59362091035117
"Macaranga trichocarpa",17.4431680526696,0.26475,371.407680776278,0.43,15.3,"Macaranga",500,2.85894805637986,2.72785282839839
"Maclurodendron porteri",18.73464342,0.281666667,232.7509134,0.55,NA,"Maclurodendron",2500,2.93037439923826,NA
"Maesa ramentacea",23.3251834492592,0.174,290.189416088513,0.46129564342532,NA,"Maesa",1500,3.14953361162249,NA
"Magnolia elegans",NA,NA,NA,0.43,170,"Magnolia",6000,NA,5.13579843705026
"Mallotus paniculatus",16.8420784128269,0.227041666833333,401.009378537252,0.34125,8.70138888888889,"Mallotus",1200,2.82388042238766,2.16348265532007
"Mangifera foetida",7.809533557,0.263333333,429.197915,0.5,4500,"Mangifera",3600,2.05534523825244,8.41183267575841
"Mangifera indica",8.596747519,0.229166667,441.8453038,0.543291,4500,"Mangifera",3500,2.1513839362604,8.41183267575841
"Mangifera odorata",7.549096763,0.268111111,462.6842266,0.49,4500,"Mangifera",2400,2.02142792206448,8.41183267575841
"Manihot carthagenesis",22.02810049,0.14575,289.2008161,0.270344324,372.03,"Manihot",1300,3.09231893331102,5.91897449618279
"Manihot esculenta",29.77154453,0.154266667,274.7750145,0.194188868,114,"Manihot",750,3.39355305577793,4.7361984483945
"Maranthes corymbosa",16.60150276,0.178666667,413.225968,0.75768,2189,"Maranthes",4000,2.80949321897595,7.69120009752286
"Melastoma malabathricum",15.6830174384468,0.2666697915,309.621942756763,0.44,0.0392307692307692,"Melastoma",600,2.75257843508477,-3.2382939107253
"Melicope accedens",11.119261510033,0.337,295.75858135435,0.34,2,"Melicope",4000,2.40867887564887,0.693147180559945
"Melicope lunu-ankenda",NA,NA,NA,0.34,2,"Melicope",3000,NA,0.693147180559945
"Memecylon dichotomum",8.78232014968391,0.262111111111111,413.633512653045,0.730996035655863,NA,"Memecylon",1200,2.17274062668843,NA
"Memecylon garcinioides",11.4248805514948,0.2776,329.136432221516,0.75,NA,"Memecylon",1500,2.43579348171422,NA
"Memecylon lilacinum",9.69657269772064,0.262333333333333,408.800900222583,0.82,NA,"Memecylon",2500,2.27177249294165,NA
"Memecylon paniculatum",8.54468567716525,0.228,416.692054958474,0.72,NA,"Memecylon",3000,2.14530953147499,NA
"Mimosa diplotricha",18.52332025,0.035666667,362.6030123,0.5256903915,7.485,"Mimosa",500,2.91903049230711,2.01290101787159
"Mimosa pigra",14.77337585,0.103833333,505.0936062,0.729,10,"Mimosa",450,2.69282663169999,2.30258509299405
"Mimosa pudica",21.95398994,0.101444444,276.8173951,0.322380783,4.97,"Mimosa",100,3.08894889703417,1.60341984010854
"Mimusops elengi",9.345631625,0.239666667,429.8762206,0.8183805,954,"Mimusops",2000,2.23490902824357,6.86066367144829
"Morella esculenta",11.7758588813867,0.231313889055555,497.92670023158,0.584528746812874,23,"Morella",1500,2.46605157833682,3.13549421592915
"Muntingia calabura",19.97087672,0.196111111,423.4865169,0.3,0.5,"Muntingia",1500,2.99427504831684,-0.693147180559945
"Neolitsea cassia",10.35980724,0.238888889,476.8354842,0.425245126,NA,"Neolitsea",1500,2.33793363048063,NA
"Neoscortechinia kingii",10.9861221643279,0.24175,336.505880574533,0.585,500.5,"Neoscortechinia",3000,2.39663285485932,6.21560759875528
"Nephelium lappaceum",9.64198316988889,0.211111111055555,519.455806211111,0.7201357,1935.96944444444,"Nephelium",3000,2.2661268104819,7.56836348488369
"Nephelium maingayi",12.3920256213548,0.283333333333333,331.695222694869,0.559062013545493,309.5,"Nephelium",4000,2.51705317068464,5.73495809212465
"Neptunia plena",13.90445904,0.164777778,392.364561,0.296744467,7.6,"Neptunia",250,2.63220958293778,2.02814824729229
"Ochanostachys amentacea",13.6356210408052,0.151666666833334,415.365554327503,0.77,3200,"Ochanostachys",5000,2.61268556280743,8.07090608878782
"Palaquium obovatum",11.560683712718,0.2385,360.934718678755,0.59375,NA,"Palaquium",4000,2.44761000619405,NA
"Parastemon urophyllus",10.4441674048432,0.260666666666667,403.667999379967,0.84,NA,"Parastemon",4000,2.34604367951378,NA
"Pellacalyx axillaris",17.2965429,0.234777778,294.1715383,0.38,0.6,"Pellacalyx",2500,2.85050664916464,-0.510825623765991
"Peltophorum pterocarpum",19.88486899,0.173833333,377.0533092,0.6,43,"Peltophorum",3500,2.98995909025475,3.76120011569356
"Pentace triptera",NA,NA,NA,0.53,NA,"Pentace",4500,NA,NA
"Phaeanthus ophthalmicus",17.9751614124379,0.144588235294118,406.627971710905,0.47,300,"Phaeanthus",2000,2.88899088339644,5.7037824746562
"Pimelodendron griffithianum",10.8764083133832,0.18,370.765293198993,0.491308986596721,73.4,"Pimelodendron",2500,2.38659606867155,4.29592393562047
"Piper aduncum",24.14255895,0.237666667,240.3155174,0.318686974,NA,"Piper",900,3.18397621460805,NA
"Pipturus argenteus",30.6652086,0.173333333,290.9729153,0.41,NA,"Pipturus",1000,3.42312874159843,NA
"Pithecellobium dulce",21.92515028,0.163833333,404.1519393,0.55104,38.91,"Pithecellobium",1200,3.0876343925107,3.66125128699646
"Podocarpus polystachyus",4.818430013,0.414777778,439.1076314,0.49,99,"Podocarpus",4000,1.57244815155912,4.59511985013459
"Polyalthia cauliflora",15.0683192782884,0.227666666666667,459.935830984016,0.65,NA,"Polyalthia",1500,2.712594478767,NA
"Porterandia anisophylla",12.8471011309703,0.311416666833333,337.259659785209,0.55,6.66666666666666,"Porterandia",1200,2.55311819297072,1.89711998488588
"Pouteria malaccensis",NA,NA,NA,0.73,NA,"Pouteria",3600,NA,NA
"Pouteria obovata",6.414773409,0.355833333,468.0181063,0.61992,NA,"Pouteria",2700,1.85860367538608,NA
"Prunus polystachya",10.1254499788136,0.283423311,437.75853300862,0.5,1217.08125,"Prunus",3600,2.31505205435703,7.10421085328982
"Psydrax sp. 10",15.3051213629786,0.1465,492.607082198389,0.72555540186669,NA,"Psydrax",2300,2.72818750199538,NA
"Pternandra caerulescens",14.06903912,0.258888889,304.1457738,0.57,0.085,"Pternandra",2000,2.64397657597263,-2.46510402249182
"Pternandra echinata",15.7518295944595,0.225083333333333,301.734093626449,0.58,0.05,"Pternandra",2000,2.75695652325263,-2.99573227355399
"Pterocarpus indicus",20.06345365,0.188555556,329.7458451,0.96,257.73,"Pterocarpus",3000,2.99889993371692,5.55191252531807
"Radermachera pinnata",NA,NA,NA,0.46,NA,"Radermachera",4000,NA,NA
"Rhodamnia cinerea",9.61620804175305,0.2425625,418.1716367955,0.87,15.471795,"Rhodamnia",2000,2.2634500125165,2.73901868888169
"Sandoricum beccarianum",12.0698574082745,0.3,292.300878720226,0.38,1220,"Sandoricum",3500,2.49071122130929,7.1066061377273
"Sandoricum koetjape",17.60044816,0.215375,301.2109236,0.39,1220,"Sandoricum",5000,2.86792436535628,7.1066061377273
"Santiria apiculata",12.34517241,0.244333333,353.61393,0.63,77,"Santiria",3000,2.51326508867775,4.34380542185368
"Santiria laevigata",9.90215091732333,0.239666666666667,351.382007354588,0.525,77,"Santiria",4200,2.29275199791815,4.34380542185368
"Santiria rubiginosa",14.8147798195862,0.189777777777778,369.429463650253,0.683333333333333,77,"Santiria",2800,2.69562531892293,4.34380542185368
"Sauropus androgynus",NA,NA,NA,NA,NA,"Sauropus",400,NA,NA
"Schefflera actinophylla",15.65323072,0.304333333,222.8747299,0.41328,6.9,"Schefflera",900,2.75067733146398,1.93152141160321
"Scleropyrum pentandrum",17.1507610210751,0.220333333333333,230.37263288804,0.452079613579782,NA,"Scleropyrum",600,2.84204254703415,NA
"Scorodocarpus borneensis",9.96257197990972,0.315,355.889252675444,0.76,NA,"Scorodocarpus",5500,2.29883526917527,NA
"Senna alata",21.14931945,0.184777778,319.583993,0.278706586,33,"Senna",25,3.05160772766962,3.49650756146648
"Shorea pauciflora",NA,NA,NA,0.61,NA,"Shorea",6000,NA,NA
"Solanum torvum",27.75604258,0.230666667,209.1990753,0.306010512,1,"Solanum",300,3.32345356711885,0
"Spathodea campanulata",17.8100933055727,0.180888888944444,296.824024577778,0.33030875,4.9825,"Spathodea",2100,2.87976533623072,1.60593177310481
"Sterculia coccinea",17.4777123951321,0.1705,291.999907192099,0.234,200,"Sterculia",1500,2.86092649181948,5.29831736654804
"Sterculia cordata",14.8665392574581,0.237,327.315141191186,0.32,975.625,"Sterculia",4000,2.69911300019505,6.8830782912697
"Sterculia parviflora",11.05818881,0.2315,410.8285878,0.483108108,587.8125,"Sterculia",3800,2.40317122228616,6.37640801949535
"Streblus elongatus",11.5799610249709,0.214333333333333,425.85882895836,0.825,NA,"Streblus",3500,2.44927610641992,NA
"Strombosia ceylanica",11.2788326430051,0.252181818090909,318.658354527121,0.78,1862.966667,"Strombosia",4000,2.42292775161926,7.52992547833202
"Swietenia macrophylla",14.90071255,0.19475,389.424409,0.55,359.97,"Swietenia",4250,2.70140903395562,5.88602069464441
"Symplocos fasciculata",26.2031647,0.164666667,256.2729466,0.3,NA,"Symplocos",3500,3.26588019354885,NA
"Syzygium acuminatissimum",13.6358420609336,0.236666666833333,364.00258349665,0.657928,703.6,"Syzygium",2000,2.61270177170151,6.5562100128634
"Syzygium borneense",11.1269674164633,0.243820574026316,388.244337247189,0.400349028886333,703.6,"Syzygium",3000,2.40937165884049,6.5562100128634
"Syzygium chloranthum",NA,NA,NA,0.646193150099035,835.359285714286,"Syzygium",3000,NA,6.72786191459853
"Syzygium claviflorum",10.753783350598,0.201333333333333,429.465628128057,0.758,703.6,"Syzygium",4000,2.37525763224797,6.5562100128634
"Syzygium cumini",9.934146111,0.279777778,410.5627443,0.76,833.3,"Syzygium",1828.8,2.29597792475094,6.72539372138816
"Syzygium filiforme",10.9348543367181,0.208664275053192,434.596864181784,0.66,131,"Syzygium",4200,2.39195533320947,4.87519732320115
"Syzygium grande",8.25606907221955,0.337605555388889,422.277494706309,0.922992,1911,"Syzygium",3000,2.11094857500987,7.55538194424027
"Syzygium griffithii",7.42997894009741,0.39,362.123173295219,0.56,703.6,"Syzygium",3600,2.00552302428385,6.5562100128634
"Syzygium incarnatum",NA,NA,NA,0.76,835.359285714286,"Syzygium",2500,NA,6.72786191459853
"Syzygium jambos",NA,NA,NA,0.7,2380,"Syzygium",1500,NA,7.77485576666552
"Syzygium lineatum",10.083050981199,0.2196,401.816903938462,0.68,703.6,"Syzygium",2000,2.31085589355211,6.5562100128634
"Syzygium malaccense",13.79202741,0.271,288.4217743,0.523488,1293.75,"Syzygium",2500,2.62409070130335,7.16530025701368
"Syzygium muelleri",NA,NA,NA,0.81,835.359285714286,"Syzygium",2500,NA,6.72786191459853
"Syzygium myrtifolium",8.626627219,0.2585,488.2319817,0.53582748,835.359285714286,"Syzygium",2000,2.15485360819525,6.72786191459853
"Syzygium nemestrinum",8.61467241923849,0.264666666666667,557.006409960826,0.685856,703.6,"Syzygium",3900,2.15346684479246,6.5562100128634
"Syzygium nigricans",NA,NA,NA,0.646193150099035,835.359285714286,"Syzygium",4000,NA,6.72786191459853
"Syzygium polyanthum",11.76322045,0.232111111,438.2103783,0.51,204,"Syzygium",3000,2.46497775277013,5.31811999384422
"Syzygium pycnanthum",11.07180123,NA,NA,0.59,835.359285714286,"Syzygium",1500,2.40440144622139,6.72786191459853
"Syzygium ridleyi",11.4220348093669,0.250888888944444,378.226369309505,0.54,703.6,"Syzygium",3000,2.43554436780999,6.5562100128634
"Syzygium rugosum",NA,NA,NA,0.646193150099035,835.359285714286,"Syzygium",3800,NA,6.72786191459853
"Syzygium zeylanicum",14.3375955360314,0.264597222055555,480.246386778609,0.577036192896302,16.78,"Syzygium",1500,2.66288514580078,2.82018770103906
"Tabebuia rosea",10.18398055,0.221733333,405.1882644,0.41328,31.7,"Tabebuia",4141,2.32081595139468,3.45631668088323
"Tabernaemontana corymbosa",19.1398249622734,0.284222222222222,202.931002641947,0.59,110.25,"Tabernaemontana",1200,2.95177124085621,4.70275051432696
"Tarenna mollis",NA,NA,NA,0.5,NA,"Tarenna",1600,NA,NA
"Terminalia catappa",11.91570162,0.245133333,332.3650001,0.59,2473,"Terminalia",2400,2.47785699425555,7.81318726752142
"Terminalia phellocarpa",NA,NA,NA,0.54,2473,"Terminalia",3600,NA,7.81318726752142
"Terminalia subspathulata",NA,NA,NA,0.55,2473,"Terminalia",4500,NA,7.81318726752142
"Timonius flavescens",10.3304033285294,0.253833333333333,357.477598908443,0.76,4.4,"Timonius",1200,2.33509132675747,1.48160454092422
"Timonius wallichianus",20.9469433379377,0.162814814907408,290.125966386972,0.76,4.4,"Timonius",1200,3.04199273299957,1.48160454092422
"Trema cannabina",23.7474970585882,0.18025,321.265054916286,0.305721758708404,3.23533333333333,"Trema",1000,3.16747713792023,1.17413196231492
"Trema tomentosa",18.2240426759568,0.253666666666667,334.888106629853,0.3280716,3.34,"Trema",2400,2.90274174844686,1.20597080698861
"Trigonostemon villosus",15.6128539981707,0.235,347.520378866409,0.613830753586156,16.6666666666667,"Trigonostemon",400,2.74809454921679,2.81341071676004
"Urophyllum blumeanum",NA,NA,NA,NA,0.031,"Urophyllum",800,NA,-3.47376807449699
"Vitex pinnata",14.11983055125,0.202125,428.905005775,0.73125,95,"Vitex",2500,2.6475802313734,4.55387689160054
"Xanthophyllum affine",13.34947412,0.220166667,403.7371345,0.55,88.6666666666667,"Xanthophyllum",3000,2.59147699231008,4.48488402011359
"Xanthophyllum ellipticum",17.5705507105182,0.181333333166666,296.901384146653,0.49898866768819,136,"Xanthophyllum",3000,2.86622424550508,4.91265488573605
"Xanthophyllum eurhynchum",15.1137946906624,0.1935,461.938729800758,0.65,65,"Xanthophyllum",2000,2.71560788245587,4.17438726989564
"Xanthophyllum flavescens",15.6172966973617,0.189416666666667,362.689733735251,0.685956,65,"Xanthophyllum",3000,2.74837906268355,4.17438726989564
"Xanthophyllum vitellinum",NA,NA,NA,0.73,88.6666666666667,"Xanthophyllum",2500,NA,4.48488402011359
"Xylopia caudata",NA,NA,NA,0.82,110,"Xylopia",2500,NA,4.70048036579242
"Xylopia ferruginea",9.46771193933109,0.2482,352.684575888953,0.35,110,"Xylopia",3000,2.24788726653016,4.70048036579242
"Xylopia malayana",16.8818144581417,0.225666666833333,317.243321250349,0.5475,110,"Xylopia",3900,2.82623697498707,4.70048036579242
